POS,new_ref,ALT_new,AF_new
31,C,T,1.0
32,T,C,1.0
52,A,G,0.225335
73,A,C,0.0009959999999999969
121,G,C,0.0013980000000000103
524,G,C,0.01864100000000002
560,G,C,0.029245999999999994
626,G,T,0.234174
673,C,G,0.015603000000000034
674,G,C,0.006125000000000047
749,T,G,0.051675
833,C,T,0.060117
1151,T,G,0.070767
1153,T,G,0.062308
1155,T,G,0.055758
1529,G,T,0.16414
1608,C,T,0.093321
1749,C,T,0.406076
1938,G,C,0.096536
1939,T,G,0.107658
1993,C,T,0.081591
2019,G,A,0.274311
2392,C,G,0.0017819999999999503
2484,A,G,0.02788400000000002
2553,G,C,0.0038040000000000296
2599,T,C,0.434949
2850,G,A,0.012119
3002,G,T,0.02054100000000003
3004,T,C,0.022245999999999988
3006,C,T,0.004337999999999953
3090,C,G,0.004669999999999952
3383,A,G,0.067429
3498,C,T,0.03663
3613,C,T,0.017068
3635,C,G,0.002933999999999992
3640,C,A,0.464167
3936,G,C,0.043742
3968,G,A,0.047476
3988,G,A,0.056436
4038,C,T,0.080948
4086,C,T,0.080636
4106,C,T,0.060589
4118,C,T,0.076062
4136,G,A,0.071161
4137,C,T,0.055908
4204,C,T,0.038082
4241,C,T,0.042409
4262,G,A,0.026037
4266,G,A,0.044476
4368,G,A,0.051549
4387,G,A,0.033094
4406,C,T,0.05154
4417,C,T,0.030097
4439,C,T,0.031723
4489,C,T,0.043033
4637,A,G,0.061093
4638,G,T,0.065025
4639,A,T,0.066058
4650,C,T,0.058969
4751,C,T,0.074951
4759,C,T,0.070804
4784,C,T,0.072999
4796,G,A,0.073773
4797,G,A,0.069043
4910,C,T,0.050044
4917,C,A,0.048851
4974,G,A,0.060811
5011,C,T,0.058756
5227,G,A,0.035183
5239,C,T,0.029894
5563,C,G,0.247126
5601,A,C,0.064574
5608,C,T,0.080382
5617,T,G,0.059916
5642,T,G,0.059325
5658,T,G,0.054454
5754,G,A,0.318412
5839,G,A,0.595399
6160,T,G,0.049083
6187,T,G,0.037093
6293,C,A,0.084957
6451,G,C,0.047401
6796,G,C,0.031332
6814,C,G,0.02055
7008,A,G,0.147617
7053,G,A,0.067769
7229,T,G,0.066294
7268,A,C,0.075697
7414,G,C,0.124442
7506,C,G,0.063729
7661,G,C,0.004135
7717,G,C,0.0011510000000000131
7719,T,C,0.02332400000000001
7799,T,C,0.5653440000000001
7803,G,C,0.037313
7893,T,G,0.043245
7994,G,A,0.12926099999999996
8174,A,G,0.154817
9133,G,A,0.021651
9672,A,G,0.152092
10056,T,G,0.061613
10097,G,T,0.19808
10116,G,C,0.158501
10462,G,A,0.015326
10882,C,G,0.075399
11126,C,G,0.011546999999999974
11149,G,C,0.0020280000000000298
11150,C,G,0.01825600000000005
11262,A,G,0.369806
11997,A,T,0.065924
12000,C,G,0.084602
12047,G,C,0.16402300000000003
12056,G,C,0.080842
12059,C,T,0.075456
12388,A,G,0.0011269999999999891
12445,G,C,0.010238
12626,A,G,0.026106
12805,C,T,0.313452
12980,T,C,0.145935
13011,C,T,0.005225999999999953
13084,G,T,0.48435799999999996
